{"css":"","framework":"duck-11.1.0","title":"Apple Configurator 輔助說明","build_id":"5b2413c6680ce22d18703c11","quick_links":[],"icon":"..\/GlobalArt\/AppIconDefault_Configurator.png","sections":{"cad1423e8e":{"name":"自動裝置管理","children":["cad935fc6678","cad5b401e306","cade0f4df56f","cad856a8ea58"]},"apd929fa442b":{"name":"使用設定描述檔","children":["cadbf9de27","pmd85719196"]},"cad3873bbf9":{"name":"修改裝置設定","children":["cad9d4b2211e","cad789a3f0bd","cadbf9c2a0","cadbf9b61c","apdac704e5e436d4","cadbf9b585"]},"cad3870d5c7":{"name":"關於 Apple Configurator","children":["cadf1802aed","apd74469fcca","cadbf9a73b","cadba54b43cf","cad35876148"]},"apdac704e5e436d4":{"name":"進階選項","children":["cad51dc073ab","cadbf9c172","cad367dc4593","cad8cb745a89","cad20618e8a5","apd647013cbb","apdc9f8f1265"]},"cad3ff2c171c":{"name":"整理裝置","children":["cadbf9b74a","cadc8bdcae2","cad382675275"]},"cade3f74fb5":{"name":"準備裝置","children":["cade8b212c76","apd9e4f64088","cad99bc2a859","cadf4637b47e","cada1ba9dab1","apdebea5be51"]},"cadbf9c9d6":{"name":"發佈 App 和書籍","children":["cadeff1b0be8","cad451d02ef","cadbf9c811","cad525c10b6","cad88542d224","cadeaa4649f2","cadbf9c93f","apdfa969542e","cadbf9cc10"]}},"birdseed_version":5,"toc":["cad3870d5c7","cad3873bbf9","cad3ff2c171c","cade3f74fb5","cadbf9c9d6","cad1423e8e","apd929fa442b","apdd02324d83"],"locale":"zh-tw","version":"2.7.1","source_schema":"apd-schema","enable_tracking":false,"platform":"mac","build_date":"2018.06.15-12:31:36","landing":"cad3869a333","product":"configurator","urls":{},"copyright":"","show_previous_next":false,"topics":{"cada1ba9dab1":{"name":"準備 Apple TV 裝置"},"apd9e4f64088":{"name":"關於監管的裝置"},"cad67d80cfc5":{"name":"payload","categories":["aside"]},"cad856a8ea58":{"name":"安裝 Apple Configurator 指令行工具"},"cade0f4df56f":{"name":"使用 Apple Configurator Automator 的動作"},"cad8BE0979F":{"name":"關於藍圖瀏覽器"},"cadEB2BAA11":{"name":"管理裝置備份"},"cad3869a333":{"name":"Apple Configurator 輔助說明","href":"cad3869a333.html","categories":["landing"]},"cadbf9de27":{"name":"","href":"pm_ch_4.xml#cadbf9de27"},"cad4CD08C03":{"name":"加入 App"},"apdc9f8f1265":{"name":"關閉裝置"},"cadf18023000":{"name":"指定至組織"},"cadbf9c2a0":{"name":"修改裝置資訊"},"cad35db7956b":{"name":"移轉設定至藍圖"},"apd74469fcca":{"name":"新功能"},"cad201AF5F4":{"name":"在 MDM 伺服器中註冊"},"cad801ee9c31":{"name":"產生或選擇監管身分"},"cadbf9b61c":{"name":"備份和回復裝置"},"cadbf9cc10":{"name":"複查或取回文件"},"cadf65457261":{"name":"關於大量採購計劃"},"cad0118F840":{"name":"關於裝置瀏覽器","href":"cad0118F840.html"},"cadc8bdcae2":{"name":"檢視或輸出裝置資訊"},"cadB67FCD4F":{"name":"加入設定描述檔"},"cadCA7F62A1":{"name":"檢視藍圖資訊"},"cad07f00ba66":{"name":"移轉 Apple Configurator 1.x 的項目"},"cad67d80cfc6":{"name":"backup","categories":["aside"]},"cad029394f93":{"name":"restore","categories":["aside"]},"cadbf9a73b":{"name":"系統需求"},"cad88542d224":{"name":"檢視 VPP 指定"},"cad331FBA40":{"name":"一般偏好設定"},"cadbf9b74a":{"name":"以群組方式組織裝置"},"cadeff1b0be8":{"name":"概觀"},"cad367dc4593":{"name":"喚醒裝置"},"cad382675275":{"name":"裝置排序"},"cad386d6745":{"name":"configuration profile","categories":["aside"]},"cadF6A58F82":{"name":"行動裝置管理伺服器偏好設定"},"cad5b401e306":{"name":"關於藍圖"},"cad24f188539":{"name":"檢視裝置資訊","href":"cad24f188539.html"},"cad8cb745a89":{"name":"清除所有內容和設定"},"pmd85719196":{"name":"製作和編輯設定描述檔"},"cad451d02ef":{"name":"將項目加入裝置"},"cad386d5f24":{"name":"supervised device","categories":["aside"]},"cad525c10b6":{"name":"加入 App"},"cadeaa4649f2":{"name":"撤銷 VPP 指定"},"cad3847ED99S":{"name":"加入設定描述檔"},"cade8b212c76":{"name":"概觀"},"cad4BD2F08":{"name":"從備份回復"},"cad20618e8a5":{"name":"使用加密的備份"},"cad55642da38":{"name":"identity","categories":["aside"]},"cadf1802aed":{"name":"概觀"},"cad872129c58":{"name":"建立組織"},"cad4e7c25202":{"name":"監管裝置可用的設定"},"cad99bc2a859":{"name":"手動準備裝置"},"cad9d4b2211e":{"name":"連接裝置"},"apdebea5be51":{"name":"在 iMac Pro 上回復 Apple T2 韌體"},"cadD19C7F58A7A":{"name":"加入 App"},"cad5b6e3ebf2":{"name":"settings","categories":["aside"]},"cad935fc6678":{"name":"概觀"},"cadbf9c93f":{"name":"加入文件"},"cadef0665e3d":{"name":"自動註冊描述檔"},"cadC5A826C7":{"name":"設定輔助程式畫面"},"cadbf9c172":{"name":"使用單一 App 模式"},"apdfa969542e":{"name":"將項目加入 iBooks"},"cad136c7ad1":{"name":"App Store 帳號"},"cad789a3f0bd":{"name":"更新裝置"},"apdd02324d83":{"name":"MDM 設定"},"cadbf9b585":{"name":"取消監管裝置"},"cadE65ABDCD":{"name":"組織偏好設定"},"cadb1d640325":{"name":"單一 App 模式功能"},"cadbf9c811":{"name":"使用管理分配"},"cad870c97ab9":{"name":"填寫組織資訊"},"cade560bac0e":{"name":"以 App 為基礎的指定錯誤"},"cad386d5e07":{"name":"unsupervised device","categories":["aside"]},"cadCA38D79A":{"name":"使用標記"},"cad4405b63fd":{"name":"關於識別身分"},"cad300fdbde9":{"name":"自動註冊憑證"},"apd647013cbb":{"name":"重新啟動裝置"},"cad35876148":{"name":"檢視裝置主控台","href":"cad35876148.html","summary":"檢視 Apple Configurator 裝置記錄檔。"},"cadf4637b47e":{"name":"使用自動註冊來準備裝置"},"cadba54b43cf":{"name":"檢視活動"},"cad51dc073ab":{"name":"管理代號和密碼"},"cad828dd670e":{"name":"mobile device management (MDM)","categories":["aside"]}},"copyright_text":"Copyright © 2018 Apple Inc. 保留一切權利。"}