{"css":"","framework":"duck-11.1.0","title":"Apple Configurator 도움말","build_id":"5b2413c70946226b531f605b","quick_links":[],"icon":"..\/GlobalArt\/AppIconDefault_Configurator.png","sections":{"cad1423e8e":{"name":"기기 관리 자동화하기","children":["cad935fc6678","cad5b401e306","cade0f4df56f","cad856a8ea58"]},"apd929fa442b":{"name":"구성 프로파일 사용하기","children":["cadbf9de27","pmd85719196"]},"cad3873bbf9":{"name":"기기 설정 수정하기","children":["cad9d4b2211e","cad789a3f0bd","cadbf9c2a0","cadbf9b61c","apdac704e5e436d4","cadbf9b585"]},"cad3870d5c7":{"name":"Apple Configurator에 관하여","children":["cadf1802aed","apd74469fcca","cadbf9a73b","cadba54b43cf","cad35876148"]},"apdac704e5e436d4":{"name":"고급 옵션","children":["cad51dc073ab","cadbf9c172","cad367dc4593","cad8cb745a89","cad20618e8a5","apd647013cbb","apdc9f8f1265"]},"cad3ff2c171c":{"name":"기기 구성하기","children":["cadbf9b74a","cadc8bdcae2","cad382675275"]},"cade3f74fb5":{"name":"기기 준비하기","children":["cade8b212c76","apd9e4f64088","cad99bc2a859","cadf4637b47e","cada1ba9dab1","apdebea5be51"]},"cadbf9c9d6":{"name":"앱 및 책 배포","children":["cadeff1b0be8","cad451d02ef","cadbf9c811","cad525c10b6","cad88542d224","cadeaa4649f2","cadbf9c93f","apdfa969542e","cadbf9cc10"]}},"birdseed_version":5,"toc":["cad3870d5c7","cad3873bbf9","cad3ff2c171c","cade3f74fb5","cadbf9c9d6","cad1423e8e","apd929fa442b","apdd02324d83"],"locale":"ko","version":"2.7.1","source_schema":"apd-schema","enable_tracking":false,"platform":"mac","build_date":"2018.06.15-12:32:00","landing":"cad3869a333","product":"configurator","urls":{},"copyright":"","show_previous_next":false,"topics":{"cada1ba9dab1":{"name":"Apple TV 기기 준비하기"},"apd9e4f64088":{"name":"감독 중인 기기에 관하여"},"cad67d80cfc5":{"name":"payload","categories":["aside"]},"cad856a8ea58":{"name":"Apple Configurator 명령어 라인 도구 설치하기"},"cade0f4df56f":{"name":"Apple Configurator Automator 동작 사용하기"},"cad8BE0979F":{"name":"청사진 브라우저에 관하여"},"cadEB2BAA11":{"name":"기기 백업 관리하기"},"cad3869a333":{"name":"Apple Configurator 도움말","href":"cad3869a333.html","categories":["landing"]},"cadbf9de27":{"name":"","href":"pm_ch_4.xml#cadbf9de27"},"cad4CD08C03":{"name":"앱 추가하기"},"apdc9f8f1265":{"name":"기기 전원 끄기"},"cadf18023000":{"name":"조직에 할당하기"},"cadbf9c2a0":{"name":"기기 정보 수정하기"},"cad35db7956b":{"name":"청사진에 설정 마이그레이션하기"},"apd74469fcca":{"name":"새로운 기능"},"cad201AF5F4":{"name":"MDM 서버에 등록하기"},"cad801ee9c31":{"name":"감독 신원 생성 또는 선택하기"},"cadbf9b61c":{"name":"기기 백업 및 복원하기"},"cadbf9cc10":{"name":"도큐멘트 검토 또는 가져오기"},"cadf65457261":{"name":"볼륨 구입 프로그램에 관하여"},"cad0118F840":{"name":"기기 브라우저에 관하여","href":"cad0118F840.html"},"cadc8bdcae2":{"name":"기기 정보 보기 또는 보내기"},"cadB67FCD4F":{"name":"구성 프로파일 추가하기"},"cadCA7F62A1":{"name":"청사진 정보 보기"},"cad07f00ba66":{"name":"Apple Configurator 1.x 항목 마이그레이션하기"},"cad67d80cfc6":{"name":"backup","categories":["aside"]},"cad029394f93":{"name":"restore","categories":["aside"]},"cadbf9a73b":{"name":"요구 사항"},"cad88542d224":{"name":"VPP 할당 보기"},"cad331FBA40":{"name":"일반 환경설정"},"cadbf9b74a":{"name":"그룹에서 기기 조직하기"},"cadeff1b0be8":{"name":"개요"},"cad367dc4593":{"name":"기기 되살리기"},"cad382675275":{"name":"기기 정렬하기"},"cad386d6745":{"name":"configuration profile","categories":["aside"]},"cadF6A58F82":{"name":"모바일 기기 관리 서버 환경설정"},"cad5b401e306":{"name":"청사진에 관하여"},"cad24f188539":{"name":"기기 정보 보기","href":"cad24f188539.html"},"cad8cb745a89":{"name":"모든 콘텐츠 및 설정 지우기"},"pmd85719196":{"name":"구성 프로파일 생성 및 편집하기"},"cad451d02ef":{"name":"기기에 항목 추가하기"},"cad386d5f24":{"name":"supervised device","categories":["aside"]},"cad525c10b6":{"name":"App 추가하기"},"cadeaa4649f2":{"name":"VPP 할당 무효화하기"},"cad3847ED99S":{"name":"구성 프로파일 추가하기"},"cade8b212c76":{"name":"개요"},"cad4BD2F08":{"name":"백업에서 복원하기"},"cad20618e8a5":{"name":"암호화된 백업 사용"},"cad55642da38":{"name":"identity","categories":["aside"]},"cadf1802aed":{"name":"개요"},"cad872129c58":{"name":"조직 생성하기"},"cad4e7c25202":{"name":"감독 중인 기기에서 사용 가능한 설정"},"cad99bc2a859":{"name":"수동으로 기기 준비하기"},"cad9d4b2211e":{"name":"기기 연결하기"},"apdebea5be51":{"name":"iMac Pro에서 Apple T2 펌웨어 복원"},"cadD19C7F58A7A":{"name":"앱 추가하기"},"cad5b6e3ebf2":{"name":"settings","categories":["aside"]},"cad935fc6678":{"name":"개요"},"cadbf9c93f":{"name":"도큐멘트 추가하기"},"cadef0665e3d":{"name":"자동으로 프로파일 등록하기"},"cadC5A826C7":{"name":"설정 지원 화면"},"cadbf9c172":{"name":"단일 앱 모드 사용하기"},"apdfa969542e":{"name":"iBooks에 항목 추가하기"},"cad136c7ad1":{"name":"App Store 계정"},"cad789a3f0bd":{"name":"기기 업데이트하기"},"apdd02324d83":{"name":"MDM 설정"},"cadbf9b585":{"name":"기기 감독 해제하기"},"cadE65ABDCD":{"name":"조직 환경설정"},"cadb1d640325":{"name":"단일 앱 모드 기능"},"cadbf9c811":{"name":"관리 배포 사용하기"},"cad870c97ab9":{"name":"조직 정보 입력하기"},"cade560bac0e":{"name":"앱 기반 할당 오류"},"cad386d5e07":{"name":"unsupervised device","categories":["aside"]},"cadCA38D79A":{"name":"태그 사용하기"},"cad4405b63fd":{"name":"신원에 관하여"},"cad300fdbde9":{"name":"자동으로 자격 증명 등록하기"},"apd647013cbb":{"name":"기기 재시동하기"},"cad35876148":{"name":"기기 콘솔 보기","href":"cad35876148.html","summary":"Apple Configurator 기기 로그 파일을 봅니다."},"cadf4637b47e":{"name":"자동 등록을 사용하여 기기 준비하기"},"cadba54b43cf":{"name":"작업 보기"},"cad51dc073ab":{"name":"토큰 및 암호 관리하기"},"cad828dd670e":{"name":"mobile device management (MDM)","categories":["aside"]}},"copyright_text":"Copyright © 2018 Apple Inc. 모든 권리 보유."}