{"css":"","framework":"duck-11.1.0","title":"Apple Configurator ヘルプ","build_id":"5b2413c8680ce22d18703c17","quick_links":[],"icon":"..\/GlobalArt\/AppIconDefault_Configurator.png","sections":{"cad1423e8e":{"name":"デバイス管理を自動化する","children":["cad935fc6678","cad5b401e306","cade0f4df56f","cad856a8ea58"]},"apd929fa442b":{"name":"構成プロファイルを使用する","children":["cadbf9de27","pmd85719196"]},"cad3873bbf9":{"name":"デバイス設定を変更する","children":["cad9d4b2211e","cad789a3f0bd","cadbf9c2a0","cadbf9b61c","apdac704e5e436d4","cadbf9b585"]},"cad3870d5c7":{"name":"Apple Configurator について","children":["cadf1802aed","apd74469fcca","cadbf9a73b","cadba54b43cf","cad35876148"]},"apdac704e5e436d4":{"name":"詳細オプション","children":["cad51dc073ab","cadbf9c172","cad367dc4593","cad8cb745a89","cad20618e8a5","apd647013cbb","apdc9f8f1265"]},"cad3ff2c171c":{"name":"デバイスを整理する","children":["cadbf9b74a","cadc8bdcae2","cad382675275"]},"cade3f74fb5":{"name":"デバイスを準備する","children":["cade8b212c76","apd9e4f64088","cad99bc2a859","cadf4637b47e","cada1ba9dab1","apdebea5be51"]},"cadbf9c9d6":{"name":"App やブックを配布する","children":["cadeff1b0be8","cad451d02ef","cadbf9c811","cad525c10b6","cad88542d224","cadeaa4649f2","cadbf9c93f","apdfa969542e","cadbf9cc10"]}},"birdseed_version":5,"toc":["cad3870d5c7","cad3873bbf9","cad3ff2c171c","cade3f74fb5","cadbf9c9d6","cad1423e8e","apd929fa442b","apdd02324d83"],"locale":"ja","version":"2.7.1","source_schema":"apd-schema","enable_tracking":false,"platform":"mac","build_date":"2018.06.15-12:32:06","landing":"cad3869a333","product":"configurator","urls":{},"copyright":"","show_previous_next":false,"topics":{"cada1ba9dab1":{"name":"Apple TV デバイスを準備する"},"apd9e4f64088":{"name":"監視対象デバイスについて"},"cad67d80cfc5":{"name":"payload","categories":["aside"]},"cad856a8ea58":{"name":"Apple Configurator のコマンドラインツールをインストールする"},"cade0f4df56f":{"name":"Apple Configurator の Automator アクションを使用する"},"cad8BE0979F":{"name":"ブループリントブラウザについて"},"cadEB2BAA11":{"name":"デバイスバックアップを管理する"},"cad3869a333":{"name":"Apple Configurator ヘルプ","href":"cad3869a333.html","categories":["landing"]},"cadbf9de27":{"name":"","href":"pm_ch_4.xml#cadbf9de27"},"cad4CD08C03":{"name":"App を追加する"},"apdc9f8f1265":{"name":"デバイスをシステム終了する"},"cadf18023000":{"name":"組織に割り当てる"},"cadbf9c2a0":{"name":"デバイス情報を変更する"},"cad35db7956b":{"name":"ブループリントに設定を移行する"},"apd74469fcca":{"name":"新機能"},"cad201AF5F4":{"name":"MDM サーバに登録する"},"cad801ee9c31":{"name":"監視識別情報を生成する／選択する"},"cadbf9b61c":{"name":"デバイスをバックアップする／復元する"},"cadbf9cc10":{"name":"書類を確認する／取得する"},"cadf65457261":{"name":"Volume Purchase Program について"},"cad0118F840":{"name":"デバイスブラウザについて","href":"cad0118F840.html"},"cadc8bdcae2":{"name":"デバイス情報を表示する／書き出す"},"cadB67FCD4F":{"name":"構成プロファイルを追加する"},"cadCA7F62A1":{"name":"ブループリント情報を表示する"},"cad07f00ba66":{"name":"Apple Configurator 1.x の項目を移行する"},"cad67d80cfc6":{"name":"backup","categories":["aside"]},"cad029394f93":{"name":"restore","categories":["aside"]},"cadbf9a73b":{"name":"要件"},"cad88542d224":{"name":"VPP の割り当てを表示する"},"cad331FBA40":{"name":"「一般」環境設定"},"cadbf9b74a":{"name":"デバイスをグループに整理する"},"cadeff1b0be8":{"name":"概要"},"cad367dc4593":{"name":"デバイスを復元する"},"cad382675275":{"name":"デバイスを分類する"},"cad386d6745":{"name":"configuration profile","categories":["aside"]},"cadF6A58F82":{"name":"モバイルデバイス管理サーバ環境設定"},"cad5b401e306":{"name":"ブループリントについて"},"cad24f188539":{"name":"デバイス情報を表示する","href":"cad24f188539.html"},"cad8cb745a89":{"name":"すべてのコンテンツと設定を消去する"},"pmd85719196":{"name":"構成プロファイルを作成する／編集する"},"cad451d02ef":{"name":"デバイスに項目を追加する"},"cad386d5f24":{"name":"supervised device","categories":["aside"]},"cad525c10b6":{"name":"App を追加する"},"cadeaa4649f2":{"name":"VPP の割り当てを取り消す"},"cad3847ED99S":{"name":"構成プロファイルを追加する"},"cade8b212c76":{"name":"概要"},"cad4BD2F08":{"name":"バックアップから復元する"},"cad20618e8a5":{"name":"暗号化されたバックアップを使用する"},"cad55642da38":{"name":"identity","categories":["aside"]},"cadf1802aed":{"name":"概要"},"cad872129c58":{"name":"組織を作成する"},"cad4e7c25202":{"name":"監視対象デバイスに使用できる設定"},"cad99bc2a859":{"name":"デバイスを手動で準備する"},"cad9d4b2211e":{"name":"デバイスを接続する"},"apdebea5be51":{"name":"iMac Pro に Apple T2 ファームウェアを復元する"},"cadD19C7F58A7A":{"name":"App を追加する"},"cad5b6e3ebf2":{"name":"settings","categories":["aside"]},"cad935fc6678":{"name":"概要"},"cadbf9c93f":{"name":"書類を追加する"},"cadef0665e3d":{"name":"自動登録プロファイル"},"cadC5A826C7":{"name":"設定アシスタント画面"},"cadbf9c172":{"name":"シングル App モードを使用する"},"apdfa969542e":{"name":"項目を iBooks に追加する"},"cad136c7ad1":{"name":"App Store アカウント"},"cad789a3f0bd":{"name":"デバイスをアップデートする"},"apdd02324d83":{"name":"MDM 設定"},"cadbf9b585":{"name":"デバイスの監視を解除する"},"cadE65ABDCD":{"name":"組織環境設定"},"cadb1d640325":{"name":"シングル App モード機能"},"cadbf9c811":{"name":"管理配布を使用する"},"cad870c97ab9":{"name":"組織情報を入力する"},"cade560bac0e":{"name":"App ベースの割り当てエラー"},"cad386d5e07":{"name":"unsupervised device","categories":["aside"]},"cadCA38D79A":{"name":"タグを使用する"},"cad4405b63fd":{"name":"識別情報について"},"cad300fdbde9":{"name":"自動登録認証情報"},"apd647013cbb":{"name":"デバイスを再起動する"},"cad35876148":{"name":"デバイスコンソールを表示する","href":"cad35876148.html","summary":"Apple Configurator のデバイス・ログ・ファイルを表示します。"},"cadf4637b47e":{"name":"自動登録を使用してデバイスを準備する"},"cadba54b43cf":{"name":"アクティビティを表示する"},"cad51dc073ab":{"name":"トークンとパスコードを管理する"},"cad828dd670e":{"name":"mobile device management (MDM)","categories":["aside"]}},"copyright_text":"Copyright © 2018 Apple Inc.All rights reserved."}